Client Name,Email,Phone,Address,Country,City
Ramesh Kumar,ramesh.kumar@mail.com,9876500001,"12 Anna Nagar, Chennai",India,Chennai
Priya Sharma,priya.sharma@mail.com,9876500002,"45 Banjara Hills, Hyderabad",India,Hyderabad
Arjun Mehta,arjun.mehta@mail.com,9876500003,"8 Bandra West, Mumbai",India,Mumbai
Sneha Reddy,sneha.reddy@mail.com,9876500004,"22 Indiranagar, Bangalore",India,Bangalore
Rahul Verma,rahul.verma@mail.com,9876500005,"5 Connaught Place, Delhi",India,Delhi
John Miller,john.miller@mail.com,2125550106,"100 5th Ave, New York",USA,New York
Emma Brown,emma.brown@mail.com,3105550107,"77 Sunset Blvd, Los Angeles",USA,Los Angeles
Ahmed Khan,ahmed.khan@mail.com,966500108,"10 King Road, Riyadh",Saudi Arabia,Riyadh
Lucas Muller,lucas.muller@mail.com,41225550109,"3 Rue du Lac, Geneva",Switzerland,Geneva
Maria Santos,maria.santos@mail.com,6325550110,"9 Quezon Ave, Quezon City",Philippines,Quezon City
