Venue Name,Address,Location,Capacity,Availability Status
Grand Palace Hall,Chennai,https://maps.google.com/?q=Grand+Palace+Hall,500,Available
Lakeview Banquet,Hyderabad,https://maps.google.com/?q=Lakeview+Banquet,300,Available
Sea Breeze Resort,Mumbai,https://maps.google.com/?q=Sea+Breeze+Resort,800,Available
Garden Court,Bangalore,https://maps.google.com/?q=Garden+Court,250,Available
Royal Convention Center,Delhi,https://maps.google.com/?q=Royal+Convention+Center,1000,Available
Skyline Terrace,New York,https://maps.google.com/?q=Skyline+Terrace,150,Available
Sunset Pavilion,Los Angeles,https://maps.google.com/?q=Sunset+Pavilion,400,Available
Desert Rose Hall,Riyadh,https://maps.google.com/?q=Desert+Rose+Hall,600,Available
Alpine Lodge,Geneva,https://maps.google.com/?q=Alpine+Lodge,120,Available
Harbor Plaza,Quezon City,https://maps.google.com/?q=Harbor+Plaza,350,Available
