Vendor Name,Email,Phone,Service Type,Status
Spice Route Caterers,spice@vendor.com,9811100001,Catering,Available
Bloom Decor,bloom@vendor.com,9811100002,Decor,Available
Frame Perfect Studio,frame@vendor.com,9811100003,Photography;Videography,Available
BrightSpark Lighting,bright@vendor.com,9811100004,Lighting;Stage Setup,Available
Glow Makeup Artists,glow@vendor.com,9811100005,Makeup Artist,Booked
BeatBox DJ,beatbox@vendor.com,9811100006,DJ/Music,Available
SafeRide Transport,saferide@vendor.com,9811100007,Transportation,Available
Voice Anchors,voice@vendor.com,9811100008,Hosting/Anchor,Available
Royal Feast Catering,royal@vendor.com,9811100009,Catering;Decor,Available
StageCraft,stagecraft@vendor.com,9811100010,Stage Setup;Lighting,Cancelled
