Name,Event_Type__c,Event_Date__c,Event_Status__c,Venue__c,Client__c
Kumar Wedding Reception,Wedding,2026-11-14,Planned,a0Chg00000AuD9hEAF,a07hg000005nD7bAAE
Sharma Birthday Bash,Birthday,2026-11-08,Confirmed,a0Chg00000AuD9iEAF,a07hg000005nD7cAAE
TechCorp Annual Meet,Corporate,2026-11-20,Confirmed,a0Chg00000AuD9lEAF,a07hg000005nD7fAAE
Mehta Anniversary Dinner,Anniversary,2026-11-25,Planned,a0Chg00000AuD9jEAF,a07hg000005nD7dAAE
Diwali Cultural Festival,Festival,2026-11-10,Confirmed,a0Chg00000AuD9kEAF,a07hg000005nD7eAAE
Miller Rooftop Concert,Concert,2026-12-05,Planned,a0Chg00000AuD9mEAF,a07hg000005nD7gAAE
Brown Product Launch,Corporate,2026-12-12,Confirmed,a0Chg00000AuD9nEAF,a07hg000005nUEzAAM
Khan Family Gathering,Other,2026-12-18,Planned,a0Chg00000AuD9oEAF,a07hg000005nUF0AAM
Muller Winter Wedding,Wedding,2026-12-22,Planned,a0Chg00000AuD9pEAF,a07hg000005nUF1AAM
Santos Debut Party,Birthday,2026-09-20,Confirmed,a0Chg00000AuD9qEAF,a07hg000005nUF2AAM