Event__c,Client__c,Rating__c,Comments__c
a09hg000003MCnKAAW,a07hg000005nUF2AAM,5,"Wonderful event, everything was on time."
a09hg000003MCnFAAW,a07hg000005nD7eAAE,4,"Great decor, sound could be better."
a09hg000003MCnCAAW,a07hg000005nD7cAAE,5,"Loved the music and food."
a09hg000003MCnDAAW,a07hg000005nD7fAAE,4,"Well organised venue and staff."
a09hg000003MCnHAAW,a07hg000005nUEzAAM,3,"Good, but start was delayed."
a09hg000003MCnBAAW,a07hg000005nD7bAAE,5,"Excellent coordination."
a09hg000003MCnEAAW,a07hg000005nD7dAAE,4,"Lovely ambience."
a09hg000003MCnGAAW,a07hg000005nD7gAAE,5,"Amazing lighting and stage."
a09hg000003MCnIAAW,a07hg000005nUF0AAM,4,"Comfortable and spacious."
a09hg000003MCnJAAW,a07hg000005nUF1AAM,5,"Perfect from start to finish."
